{"cameraMode":{"drawMode":0,"name":"Shaded","section":"Shading Mode"},"sceneLighting":false,"audioPlay":false,"sceneViewState":{"showFog":true,"showMaterialUpdate":false,"showSkybox":true,"showFlares":true,"showImageEffects":true,"showParticleSystems":true},"in2DMode":false,"pivot":{"x":3.953341484069824,"y":13.072918891906739,"z":-33.25775909423828},"rotation":{"x":-0.21313497424125672,"y":-0.01553680282086134,"z":0.003389703342691064,"w":-0.9768933653831482},"size":3.056791305541992,"orthographic":false}